-- States
INSERT into State (id, name) VALUES (1, 'Alabama');
INSERT into State (id, name) VALUES (2, 'Alaska');
INSERT into State (id, name) VALUES (3, 'Arizona');
INSERT into State (id, name) VALUES (4, 'Arkansas');
INSERT into State (id, name) VALUES (5, 'California');
INSERT into State (id, name) VALUES (6, 'Colorado');
INSERT into State (id, name) VALUES (7, 'Connecticut');
INSERT into State (id, name) VALUES (8, 'Delaware');
INSERT into State (id, name) VALUES (9, 'District of Columbia');
INSERT into State (id, name) VALUES (10, 'Florida');
INSERT into State (id, name) VALUES (11, 'Georgia');
INSERT into State (id, name) VALUES (12, 'Hawaii');
INSERT into State (id, name) VALUES (13, 'Idaho');
INSERT into State (id, name) VALUES (14, 'Illinois');
INSERT into State (id, name) VALUES (15, 'Indiana');
INSERT into State (id, name) VALUES (16, 'Iowa');
INSERT into State (id, name) VALUES (17, 'Kansas');
INSERT into State (id, name) VALUES (18, 'Kentucky');
INSERT into State (id, name) VALUES (19, 'Louisiana');
INSERT into State (id, name) VALUES (20, 'Maine');
INSERT into State (id, name) VALUES (21, 'Maryland');
INSERT into State (id, name) VALUES (22, 'Massachusetts');
INSERT into State (id, name) VALUES (23, 'Michigan');
INSERT into State (id, name) VALUES (24, 'Minnesota');
INSERT into State (id, name) VALUES (25, 'Mississippi');
INSERT into State (id, name) VALUES (26, 'Missouri');
INSERT into State (id, name) VALUES (27, 'Montana');
INSERT into State (id, name) VALUES (28, 'Nebraska');
INSERT into State (id, name) VALUES (29, 'Nevada');
INSERT into State (id, name) VALUES (30, 'New Hampshire');
INSERT into State (id, name) VALUES (31, 'New Jersey');
INSERT into State (id, name) VALUES (32, 'New Mexico');
INSERT into State (id, name) VALUES (33, 'New York');
INSERT into State (id, name) VALUES (34, 'North Carolina');
INSERT into State (id, name) VALUES (35, 'North Dakota');
INSERT into State (id, name) VALUES (36, 'Ohio');
INSERT into State (id, name) VALUES (37, 'Oklahoma');
INSERT into State (id, name) VALUES (38, 'Oregon');
INSERT into State (id, name) VALUES (39, 'Pennsylvania');
INSERT into State (id, name) VALUES (40, 'Puerto Rico');
INSERT into State (id, name) VALUES (41, 'Rhode Island');
INSERT into State (id, name) VALUES (42, 'South Carolina');
INSERT into State (id, name) VALUES (43, 'South Dakota');
INSERT into State (id, name) VALUES (44, 'Tennessee');
INSERT into State (id, name) VALUES (45, 'Texas');
INSERT into State (id, name) VALUES (46, 'Utah');
INSERT into State (id, name) VALUES (47, 'Vermont');
INSERT into State (id, name) VALUES (48, 'Virginia');
INSERT into State (id, name) VALUES (49, 'Washington');
INSERT into State (id, name) VALUES (50, 'West Virginia');
INSERT into State (id, name) VALUES (51, 'Wisconsin');
INSERT into State (id, name) VALUES (52, 'Wyoming');

-- Cities
INSERT into City (id, name, state_id) VALUES (1, 'New York City', 33);
INSERT into City (id, name, state_id) VALUES (2, 'Los Angeles', 5);
INSERT into City (id, name, state_id) VALUES (3, 'Chicago', 14);
INSERT into City (id, name, state_id) VALUES (4, 'Houston', 45);
INSERT into City (id, name, state_id) VALUES (5, 'Phoenix', 3);
INSERT into City (id, name, state_id) VALUES (6, 'Philadelphia', 39);
INSERT into City (id, name, state_id) VALUES (7, 'San Antonio', 45);
INSERT into City (id, name, state_id) VALUES (8, 'San Diego', 5);
INSERT into City (id, name, state_id) VALUES (9, 'Dallas', 45);
INSERT into City (id, name, state_id) VALUES (10, 'Austin', 45);
INSERT into City (id, name, state_id) VALUES (11, 'San Jose', 5);
INSERT into City (id, name, state_id) VALUES (12, 'Fort Worth', 45);
INSERT into City (id, name, state_id) VALUES (13, 'Jacksonville', 10);
INSERT into City (id, name, state_id) VALUES (14, 'Columbus', 36);
INSERT into City (id, name, state_id) VALUES (15, 'Charlotte', 34);
INSERT into City (id, name, state_id) VALUES (16, 'Indianapolis', 15);
INSERT into City (id, name, state_id) VALUES (17, 'San Francisco', 5);
INSERT into City (id, name, state_id) VALUES (18, 'Seattle', 49);
INSERT into City (id, name, state_id) VALUES (19, 'Denver', 6);
INSERT into City (id, name, state_id) VALUES (20, 'Washington', 9);
INSERT into City (id, name, state_id) VALUES (21, 'Boston', 22);
INSERT into City (id, name, state_id) VALUES (22, 'El Paso', 45);
INSERT into City (id, name, state_id) VALUES (23, 'Nashville', 44);
INSERT into City (id, name, state_id) VALUES (24, 'Oklahoma City', 37);
INSERT into City (id, name, state_id) VALUES (25, 'Las Vegas', 29);
INSERT into City (id, name, state_id) VALUES (26, 'Detroit', 23);
INSERT into City (id, name, state_id) VALUES (27, 'Portland', 38);
INSERT into City (id, name, state_id) VALUES (28, 'Memphis', 44);
INSERT into City (id, name, state_id) VALUES (29, 'Louisville', 18);
INSERT into City (id, name, state_id) VALUES (30, 'Milwaukee', 51);
INSERT into City (id, name, state_id) VALUES (31, 'Baltimore', 21);
INSERT into City (id, name, state_id) VALUES (32, 'Albuquerque', 32);
INSERT into City (id, name, state_id) VALUES (33, 'Tucson', 3);
INSERT into City (id, name, state_id) VALUES (34, 'Mesa', 3);
INSERT into City (id, name, state_id) VALUES (35, 'Fresno', 5);
INSERT into City (id, name, state_id) VALUES (36, 'Sacramento', 5);
INSERT into City (id, name, state_id) VALUES (37, 'Atlanta', 11);
INSERT into City (id, name, state_id) VALUES (38, 'Kansas City', 26);
INSERT into City (id, name, state_id) VALUES (39, 'Colorado Springs', 6);
INSERT into City (id, name, state_id) VALUES (40, 'Raleigh', 34);
INSERT into City (id, name, state_id) VALUES (41, 'Omaha', 28);
INSERT into City (id, name, state_id) VALUES (42, 'Miami', 10);
INSERT into City (id, name, state_id) VALUES (43, 'Long Beach', 5);
INSERT into City (id, name, state_id) VALUES (44, 'Virginia Beach', 48);
INSERT into City (id, name, state_id) VALUES (45, 'Oakland', 5);
INSERT into City (id, name, state_id) VALUES (46, 'Minneapolis', 24);
INSERT into City (id, name, state_id) VALUES (47, 'Tampa', 10);
INSERT into City (id, name, state_id) VALUES (48, 'Tulsa', 37);
INSERT into City (id, name, state_id) VALUES (49, 'Arlington', 45);
INSERT into City (id, name, state_id) VALUES (50, 'Wichita', 17);
INSERT into City (id, name, state_id) VALUES (51, 'Bakersfield', 5);
INSERT into City (id, name, state_id) VALUES (52, 'Aurora', 6);
INSERT into City (id, name, state_id) VALUES (53, 'New Orleans', 19);
INSERT into City (id, name, state_id) VALUES (54, 'Cleveland', 36);
INSERT into City (id, name, state_id) VALUES (55, 'Anaheim', 5);
INSERT into City (id, name, state_id) VALUES (56, 'Henderson', 29);
INSERT into City (id, name, state_id) VALUES (57, 'Honolulu', 12);
INSERT into City (id, name, state_id) VALUES (58, 'Riverside', 5);
INSERT into City (id, name, state_id) VALUES (59, 'Santa Ana', 5);
INSERT into City (id, name, state_id) VALUES (60, 'Corpus Christi', 45);
INSERT into City (id, name, state_id) VALUES (61, 'Lexington', 18);
INSERT into City (id, name, state_id) VALUES (62, 'San Juan', 40);
INSERT into City (id, name, state_id) VALUES (63, 'Stockton', 5);
INSERT into City (id, name, state_id) VALUES (64, 'St. Paul', 24);
INSERT into City (id, name, state_id) VALUES (65, 'Cincinnati', 36);
INSERT into City (id, name, state_id) VALUES (66, 'Greensboro', 34);
INSERT into City (id, name, state_id) VALUES (67, 'Pittsburgh', 39);
INSERT into City (id, name, state_id) VALUES (68, 'Irvine', 5);
INSERT into City (id, name, state_id) VALUES (69, 'St. Louis', 26);
INSERT into City (id, name, state_id) VALUES (70, 'Lincoln', 28);
INSERT into City (id, name, state_id) VALUES (71, 'Orlando', 10);
INSERT into City (id, name, state_id) VALUES (72, 'Durham', 34);
INSERT into City (id, name, state_id) VALUES (73, 'Plano', 45);
INSERT into City (id, name, state_id) VALUES (74, 'Anchorage', 2);
INSERT into City (id, name, state_id) VALUES (75, 'Newark', 31);
INSERT into City (id, name, state_id) VALUES (76, 'Chula Vista', 5);
INSERT into City (id, name, state_id) VALUES (77, 'Fort Wayne', 15);
INSERT into City (id, name, state_id) VALUES (78, 'Chandler', 3);
INSERT into City (id, name, state_id) VALUES (79, 'Toledo', 36);
INSERT into City (id, name, state_id) VALUES (80, 'St. Petersburg', 10);
INSERT into City (id, name, state_id) VALUES (81, 'Reno', 29);
INSERT into City (id, name, state_id) VALUES (82, 'Laredo', 45);
INSERT into City (id, name, state_id) VALUES (83, 'Scottsdale', 3);
INSERT into City (id, name, state_id) VALUES (84, 'North Las Vegas', 29);
INSERT into City (id, name, state_id) VALUES (85, 'Lubbock', 45);
INSERT into City (id, name, state_id) VALUES (86, 'Madison', 51);
INSERT into City (id, name, state_id) VALUES (87, 'Gilbert', 3);
INSERT into City (id, name, state_id) VALUES (88, 'Jersey City', 31);
INSERT into City (id, name, state_id) VALUES (89, 'Glendale', 3);
INSERT into City (id, name, state_id) VALUES (90, 'Buffalo', 33);
INSERT into City (id, name, state_id) VALUES (91, 'Winston-Salem', 34);
INSERT into City (id, name, state_id) VALUES (92, 'Chesapeake', 48);
INSERT into City (id, name, state_id) VALUES (93, 'Fremont', 5);
INSERT into City (id, name, state_id) VALUES (94, 'Norfolk', 48);
INSERT into City (id, name, state_id) VALUES (95, 'Irving', 45);
INSERT into City (id, name, state_id) VALUES (96, 'Garland', 45);
INSERT into City (id, name, state_id) VALUES (97, 'Paradise', 29);
INSERT into City (id, name, state_id) VALUES (98, 'Arlington', 48);
INSERT into City (id, name, state_id) VALUES (99, 'Richmond', 48);
INSERT into City (id, name, state_id) VALUES (100, 'Hialeah', 10);
INSERT into City (id, name, state_id) VALUES (101, 'Boise', 13);
INSERT into City (id, name, state_id) VALUES (102, 'Spokane', 49);
INSERT into City (id, name, state_id) VALUES (103, 'Frisco', 45);
INSERT into City (id, name, state_id) VALUES (104, 'Moreno Valley', 5);
INSERT into City (id, name, state_id) VALUES (105, 'Tacoma', 49);
INSERT into City (id, name, state_id) VALUES (106, 'Fontana', 5);
INSERT into City (id, name, state_id) VALUES (107, 'Modesto', 5);
INSERT into City (id, name, state_id) VALUES (108, 'Baton Rouge', 19);
INSERT into City (id, name, state_id) VALUES (109, 'Port St. Lucie', 10);
INSERT into City (id, name, state_id) VALUES (110, 'San Bernardino', 5);
INSERT into City (id, name, state_id) VALUES (111, 'McKinney', 45);
INSERT into City (id, name, state_id) VALUES (112, 'Fayetteville', 34);
INSERT into City (id, name, state_id) VALUES (113, 'Santa Clarita', 5);
INSERT into City (id, name, state_id) VALUES (114, 'Des Moines', 16);
INSERT into City (id, name, state_id) VALUES (115, 'Oxnard', 5);
INSERT into City (id, name, state_id) VALUES (116, 'Birmingham', 1);
INSERT into City (id, name, state_id) VALUES (117, 'Spring Valley', 29);
INSERT into City (id, name, state_id) VALUES (118, 'Huntsville', 1);
INSERT into City (id, name, state_id) VALUES (119, 'Rochester', 33);
INSERT into City (id, name, state_id) VALUES (120, 'Cape Coral', 10);
INSERT into City (id, name, state_id) VALUES (121, 'Tempe', 3);
INSERT into City (id, name, state_id) VALUES (122, 'Grand Rapids', 23);
INSERT into City (id, name, state_id) VALUES (123, 'Yonkers', 33);
INSERT into City (id, name, state_id) VALUES (124, 'Overland Park', 17);
INSERT into City (id, name, state_id) VALUES (125, 'Salt Lake City', 46);
INSERT into City (id, name, state_id) VALUES (126, 'Amarillo', 45);
INSERT into City (id, name, state_id) VALUES (127, 'Augusta', 11);
INSERT into City (id, name, state_id) VALUES (128, 'Columbus', 11);
INSERT into City (id, name, state_id) VALUES (129, 'Tallahassee', 10);
INSERT into City (id, name, state_id) VALUES (130, 'Montgomery', 1);
INSERT into City (id, name, state_id) VALUES (131, 'Huntington Beach', 5);
INSERT into City (id, name, state_id) VALUES (132, 'Akron', 36);
INSERT into City (id, name, state_id) VALUES (133, 'Little Rock', 4);
INSERT into City (id, name, state_id) VALUES (134, 'Glendale', 5);
INSERT into City (id, name, state_id) VALUES (135, 'Grand Prairie', 45);
INSERT into City (id, name, state_id) VALUES (136, 'Aurora', 14);
INSERT into City (id, name, state_id) VALUES (137, 'Sunrise Manor', 29);
INSERT into City (id, name, state_id) VALUES (138, 'Ontario', 5);
INSERT into City (id, name, state_id) VALUES (139, 'Sioux Falls', 43);
INSERT into City (id, name, state_id) VALUES (140, 'Knoxville', 44);
INSERT into City (id, name, state_id) VALUES (141, 'Vancouver', 49);
INSERT into City (id, name, state_id) VALUES (142, 'Mobile', 1);
INSERT into City (id, name, state_id) VALUES (143, 'Worcester', 22);
INSERT into City (id, name, state_id) VALUES (144, 'Chattanooga', 44);
INSERT into City (id, name, state_id) VALUES (145, 'Brownsville', 45);
INSERT into City (id, name, state_id) VALUES (146, 'Peoria', 3);
INSERT into City (id, name, state_id) VALUES (147, 'Fort Lauderdale', 10);
INSERT into City (id, name, state_id) VALUES (148, 'Shreveport', 19);
INSERT into City (id, name, state_id) VALUES (149, 'Newport News', 48);
INSERT into City (id, name, state_id) VALUES (150, 'Providence', 41);
INSERT into City (id, name, state_id) VALUES (151, 'Elk Grove', 5);
INSERT into City (id, name, state_id) VALUES (152, 'Rancho Cucamonga', 5);
INSERT into City (id, name, state_id) VALUES (153, 'Salem', 38);
INSERT into City (id, name, state_id) VALUES (154, 'Pembroke Pines', 10);
INSERT into City (id, name, state_id) VALUES (155, 'Santa Rosa', 5);
INSERT into City (id, name, state_id) VALUES (156, 'Eugene', 38);
INSERT into City (id, name, state_id) VALUES (157, 'Oceanside', 5);
INSERT into City (id, name, state_id) VALUES (158, 'Cary', 34);
INSERT into City (id, name, state_id) VALUES (159, 'Fort Collins', 6);
INSERT into City (id, name, state_id) VALUES (160, 'Corona', 5);
INSERT into City (id, name, state_id) VALUES (161, 'Enterprise', 29);
INSERT into City (id, name, state_id) VALUES (162, 'Garden Grove', 5);
INSERT into City (id, name, state_id) VALUES (163, 'Springfield', 26);
INSERT into City (id, name, state_id) VALUES (164, 'Clarksville', 44);
INSERT into City (id, name, state_id) VALUES (165, 'Bayamon', 40);
INSERT into City (id, name, state_id) VALUES (166, 'Lakewood', 6);
INSERT into City (id, name, state_id) VALUES (167, 'Alexandria', 48);
INSERT into City (id, name, state_id) VALUES (168, 'Hayward', 5);
INSERT into City (id, name, state_id) VALUES (169, 'Murfreesboro', 44);
INSERT into City (id, name, state_id) VALUES (170, 'Killeen', 45);
INSERT into City (id, name, state_id) VALUES (171, 'Hollywood', 10);
INSERT into City (id, name, state_id) VALUES (172, 'Lancaster', 5);
INSERT into City (id, name, state_id) VALUES (173, 'Salinas', 5);
INSERT into City (id, name, state_id) VALUES (174, 'Jackson', 25);
INSERT into City (id, name, state_id) VALUES (175, 'Midland', 45);
INSERT into City (id, name, state_id) VALUES (176, 'Macon County', 11);
INSERT into City (id, name, state_id) VALUES (177, 'Kansas City', 17);
INSERT into City (id, name, state_id) VALUES (178, 'Palmdale', 5);
INSERT into City (id, name, state_id) VALUES (179, 'Sunnyvale', 5);
INSERT into City (id, name, state_id) VALUES (180, 'Springfield', 22);
INSERT into City (id, name, state_id) VALUES (181, 'Escondido', 5);
INSERT into City (id, name, state_id) VALUES (182, 'Pomona', 5);
INSERT into City (id, name, state_id) VALUES (183, 'Bellevue', 49);
INSERT into City (id, name, state_id) VALUES (184, 'Surprise', 3);
INSERT into City (id, name, state_id) VALUES (185, 'Naperville', 14);
INSERT into City (id, name, state_id) VALUES (186, 'Pasadena', 45);
INSERT into City (id, name, state_id) VALUES (187, 'Denton', 45);
INSERT into City (id, name, state_id) VALUES (188, 'Roseville', 5);
INSERT into City (id, name, state_id) VALUES (189, 'Joliet', 14);
INSERT into City (id, name, state_id) VALUES (190, 'Thornton', 6);
INSERT into City (id, name, state_id) VALUES (191, 'McAllen', 45);
INSERT into City (id, name, state_id) VALUES (192, 'Paterson', 31);
INSERT into City (id, name, state_id) VALUES (193, 'Rockford', 14);
INSERT into City (id, name, state_id) VALUES (194, 'Carrollton', 45);
INSERT into City (id, name, state_id) VALUES (195, 'Bridgeport', 7);
INSERT into City (id, name, state_id) VALUES (196, 'Miramar', 10);
INSERT into City (id, name, state_id) VALUES (197, 'Round Rock', 45);
INSERT into City (id, name, state_id) VALUES (198, 'Metairie', 19);
INSERT into City (id, name, state_id) VALUES (199, 'Olathe', 17);
INSERT into City (id, name, state_id) VALUES (200, 'Waco', 45);

-- Population in 2010
INSERT into Population (id, city_id, year, total) VALUES (1, 1, 2010, 8190210);
INSERT into Population (id, city_id, year, total) VALUES (2, 2, 2010, 3795510);
INSERT into Population (id, city_id, year, total) VALUES (3, 3, 2010, 2697480);
INSERT into Population (id, city_id, year, total) VALUES (4, 4, 2010, 2100280);
INSERT into Population (id, city_id, year, total) VALUES (5, 5, 2010, 1449040);
INSERT into Population (id, city_id, year, total) VALUES (6, 6, 2010, 1528280);
INSERT into Population (id, city_id, year, total) VALUES (7, 7, 2010, 1332300);
INSERT into Population (id, city_id, year, total) VALUES (8, 8, 2010, 1305910);
INSERT into Population (id, city_id, year, total) VALUES (9, 9, 2010, 1200350);
INSERT into Population (id, city_id, year, total) VALUES (10, 10, 2010, 806164);
INSERT into Population (id, city_id, year, total) VALUES (11, 11, 2010, 954940);
INSERT into Population (id, city_id, year, total) VALUES (12, 12, 2010, 748441);
INSERT into Population (id, city_id, year, total) VALUES (13, 13, 2010, 823114);
INSERT into Population (id, city_id, year, total) VALUES (14, 14, 2010, 790943);
INSERT into Population (id, city_id, year, total) VALUES (15, 15, 2010, 738444);
INSERT into Population (id, city_id, year, total) VALUES (16, 16, 2010, 821579);
INSERT into Population (id, city_id, year, total) VALUES (17, 17, 2010, 805505);
INSERT into Population (id, city_id, year, total) VALUES (18, 18, 2010, 610630);
INSERT into Population (id, city_id, year, total) VALUES (19, 19, 2010, 603359);
INSERT into Population (id, city_id, year, total) VALUES (20, 20, 2010, 605226);
INSERT into Population (id, city_id, year, total) VALUES (21, 21, 2010, 621048);
INSERT into Population (id, city_id, year, total) VALUES (22, 22, 2010, 650671);
INSERT into Population (id, city_id, year, total) VALUES (23, 23, 2010, 604589);
INSERT into Population (id, city_id, year, total) VALUES (24, 24, 2010, 582516);
INSERT into Population (id, city_id, year, total) VALUES (25, 25, 2010, 584576);
INSERT into Population (id, city_id, year, total) VALUES (26, 26, 2010, 711131);
INSERT into Population (id, city_id, year, total) VALUES (27, 27, 2010, 585429);
INSERT into Population (id, city_id, year, total) VALUES (28, 28, 2010, 652326);
INSERT into Population (id, city_id, year, total) VALUES (29, 29, 2010, 596482);
INSERT into Population (id, city_id, year, total) VALUES (30, 30, 2010, 594865);
INSERT into Population (id, city_id, year, total) VALUES (31, 31, 2010, 620915);
INSERT into Population (id, city_id, year, total) VALUES (32, 32, 2010, 546755);
INSERT into Population (id, city_id, year, total) VALUES (33, 33, 2010, 527160);
INSERT into Population (id, city_id, year, total) VALUES (34, 34, 2010, 440993);
INSERT into Population (id, city_id, year, total) VALUES (35, 35, 2010, 497769);
INSERT into Population (id, city_id, year, total) VALUES (36, 36, 2010, 467286);
INSERT into Population (id, city_id, year, total) VALUES (37, 37, 2010, 429410);
INSERT into Population (id, city_id, year, total) VALUES (38, 38, 2010, 460697);
INSERT into Population (id, city_id, year, total) VALUES (39, 39, 2010, 420685);
INSERT into Population (id, city_id, year, total) VALUES (40, 40, 2010, 406353);
INSERT into Population (id, city_id, year, total) VALUES (41, 41, 2010, 459659);
INSERT into Population (id, city_id, year, total) VALUES (42, 42, 2010, 400779);
INSERT into Population (id, city_id, year, total) VALUES (43, 43, 2010, 462431);
INSERT into Population (id, city_id, year, total) VALUES (44, 44, 2010, 438859);
INSERT into Population (id, city_id, year, total) VALUES (45, 45, 2010, 391406);
INSERT into Population (id, city_id, year, total) VALUES (46, 46, 2010, 383067);
INSERT into Population (id, city_id, year, total) VALUES (47, 47, 2010, 337053);
INSERT into Population (id, city_id, year, total) VALUES (48, 48, 2010, 392403);
INSERT into Population (id, city_id, year, total) VALUES (49, 49, 2010, 365892);
INSERT into Population (id, city_id, year, total) VALUES (50, 50, 2010, 382745);
INSERT into Population (id, city_id, year, total) VALUES (51, 51, 2010, 348987);
INSERT into Population (id, city_id, year, total) VALUES (52, 52, 2010, 326055);
INSERT into Population (id, city_id, year, total) VALUES (53, 53, 2010, 347772);
INSERT into Population (id, city_id, year, total) VALUES (54, 54, 2010, 395926);
INSERT into Population (id, city_id, year, total) VALUES (55, 55, 2010, 336760);
INSERT into Population (id, city_id, year, total) VALUES (56, 56, 2010, 257452);
INSERT into Population (id, city_id, year, total) VALUES (57, 57, 2010, 339121);
INSERT into Population (id, city_id, year, total) VALUES (58, 58, 2010, 305466);
INSERT into Population (id, city_id, year, total) VALUES (59, 59, 2010, 325327);
INSERT into Population (id, city_id, year, total) VALUES (60, 60, 2010, 305272);
INSERT into Population (id, city_id, year, total) VALUES (61, 61, 2010, 296848);
INSERT into Population (id, city_id, year, total) VALUES (62, 62, 2010, 381931);
INSERT into Population (id, city_id, year, total) VALUES (63, 63, 2010, 292888);
INSERT into Population (id, city_id, year, total) VALUES (64, 64, 2010, 285510);
INSERT into Population (id, city_id, year, total) VALUES (65, 65, 2010, 296980);
INSERT into Population (id, city_id, year, total) VALUES (66, 66, 2010, 269598);
INSERT into Population (id, city_id, year, total) VALUES (67, 67, 2010, 305283);
INSERT into Population (id, city_id, year, total) VALUES (68, 68, 2010, 213450);
INSERT into Population (id, city_id, year, total) VALUES (69, 69, 2010, 319336);
INSERT into Population (id, city_id, year, total) VALUES (70, 70, 2010, 259455);
INSERT into Population (id, city_id, year, total) VALUES (71, 71, 2010, 239326);
INSERT into Population (id, city_id, year, total) VALUES (72, 72, 2010, 230727);
INSERT into Population (id, city_id, year, total) VALUES (73, 73, 2010, 261234);
INSERT into Population (id, city_id, year, total) VALUES (74, 74, 2010, 293321);
INSERT into Population (id, city_id, year, total) VALUES (75, 75, 2010, 277175);
INSERT into Population (id, city_id, year, total) VALUES (76, 76, 2010, 244648);
INSERT into Population (id, city_id, year, total) VALUES (77, 77, 2010, 254161);
INSERT into Population (id, city_id, year, total) VALUES (78, 78, 2010, 236454);
INSERT into Population (id, city_id, year, total) VALUES (79, 79, 2010, 287065);
INSERT into Population (id, city_id, year, total) VALUES (80, 80, 2010, 245222);
INSERT into Population (id, city_id, year, total) VALUES (81, 81, 2010, 225652);
INSERT into Population (id, city_id, year, total) VALUES (82, 82, 2010, 236807);
INSERT into Population (id, city_id, year, total) VALUES (83, 83, 2010, 217638);
INSERT into Population (id, city_id, year, total) VALUES (84, 84, 2010, 216836);
INSERT into Population (id, city_id, year, total) VALUES (85, 85, 2010, 231105);
INSERT into Population (id, city_id, year, total) VALUES (86, 86, 2010, 233730);
INSERT into Population (id, city_id, year, total) VALUES (87, 87, 2010, 209493);
INSERT into Population (id, city_id, year, total) VALUES (88, 88, 2010, 248324);
INSERT into Population (id, city_id, year, total) VALUES (89, 89, 2010, 226236);
INSERT into Population (id, city_id, year, total) VALUES (90, 90, 2010, 261275);
INSERT into Population (id, city_id, year, total) VALUES (91, 91, 2010, 230022);
INSERT into Population (id, city_id, year, total) VALUES (92, 92, 2010, 223556);
INSERT into Population (id, city_id, year, total) VALUES (93, 93, 2010, 214553);
INSERT into Population (id, city_id, year, total) VALUES (94, 94, 2010, 242999);
INSERT into Population (id, city_id, year, total) VALUES (95, 95, 2010, 216859);
INSERT into Population (id, city_id, year, total) VALUES (96, 96, 2010, 227345);
INSERT into Population (id, city_id, year, total) VALUES (97, 97, 2010, 223167);
INSERT into Population (id, city_id, year, total) VALUES (98, 98, 2010, 207627);
INSERT into Population (id, city_id, year, total) VALUES (99, 99, 2010, 204302);
INSERT into Population (id, city_id, year, total) VALUES (100, 100, 2010, 225470);
INSERT into Population (id, city_id, year, total) VALUES (101, 101, 2010, 209576);
INSERT into Population (id, city_id, year, total) VALUES (102, 102, 2010, 209525);
INSERT into Population (id, city_id, year, total) VALUES (103, 103, 2010, 118201);
INSERT into Population (id, city_id, year, total) VALUES (104, 104, 2010, 194240);
INSERT into Population (id, city_id, year, total) VALUES (105, 105, 2010, 198230);
INSERT into Population (id, city_id, year, total) VALUES (106, 106, 2010, 197317);
INSERT into Population (id, city_id, year, total) VALUES (107, 107, 2010, 203301);
INSERT into Population (id, city_id, year, total) VALUES (108, 108, 2010, 229374);
INSERT into Population (id, city_id, year, total) VALUES (109, 109, 2010, 164848);
INSERT into Population (id, city_id, year, total) VALUES (110, 110, 2010, 210637);
INSERT into Population (id, city_id, year, total) VALUES (111, 111, 2010, 132934);
INSERT into Population (id, city_id, year, total) VALUES (112, 112, 2010, 208337);
INSERT into Population (id, city_id, year, total) VALUES (113, 113, 2010, 208822);
INSERT into Population (id, city_id, year, total) VALUES (114, 114, 2010, 205032);
INSERT into Population (id, city_id, year, total) VALUES (115, 115, 2010, 198539);
INSERT into Population (id, city_id, year, total) VALUES (116, 116, 2010, 212328);
INSERT into Population (id, city_id, year, total) VALUES (117, 117, 2010, 178395);
INSERT into Population (id, city_id, year, total) VALUES (118, 118, 2010, 180941);
INSERT into Population (id, city_id, year, total) VALUES (119, 119, 2010, 210217);
INSERT into Population (id, city_id, year, total) VALUES (120, 120, 2010, 154731);
INSERT into Population (id, city_id, year, total) VALUES (121, 121, 2010, 162323);
INSERT into Population (id, city_id, year, total) VALUES (122, 122, 2010, 188007);
INSERT into Population (id, city_id, year, total) VALUES (123, 123, 2010, 196407);
INSERT into Population (id, city_id, year, total) VALUES (124, 124, 2010, 174040);
INSERT into Population (id, city_id, year, total) VALUES (125, 125, 2010, 186643);
INSERT into Population (id, city_id, year, total) VALUES (126, 126, 2010, 191249);
INSERT into Population (id, city_id, year, total) VALUES (127, 127, 2010, 196375);
INSERT into Population (id, city_id, year, total) VALUES (128, 128, 2010, 191101);
INSERT into Population (id, city_id, year, total) VALUES (129, 129, 2010, 181438);
INSERT into Population (id, city_id, year, total) VALUES (130, 130, 2010, 205593);
INSERT into Population (id, city_id, year, total) VALUES (131, 131, 2010, 191296);
INSERT into Population (id, city_id, year, total) VALUES (132, 132, 2010, 199081);
INSERT into Population (id, city_id, year, total) VALUES (133, 133, 2010, 193972);
INSERT into Population (id, city_id, year, total) VALUES (134, 134, 2010, 191720);
INSERT into Population (id, city_id, year, total) VALUES (135, 135, 2010, 175974);
INSERT into Population (id, city_id, year, total) VALUES (136, 136, 2010, 198207);
INSERT into Population (id, city_id, year, total) VALUES (137, 137, 2010, 189372);
INSERT into Population (id, city_id, year, total) VALUES (138, 138, 2010, 164377);
INSERT into Population (id, city_id, year, total) VALUES (139, 139, 2010, 154533);
INSERT into Population (id, city_id, year, total) VALUES (140, 140, 2010, 178258);
INSERT into Population (id, city_id, year, total) VALUES (141, 141, 2010, 167595);
INSERT into Population (id, city_id, year, total) VALUES (142, 142, 2010, 194577);
INSERT into Population (id, city_id, year, total) VALUES (143, 143, 2010, 181759);
INSERT into Population (id, city_id, year, total) VALUES (144, 144, 2010, 170574);
INSERT into Population (id, city_id, year, total) VALUES (145, 145, 2010, 175362);
INSERT into Population (id, city_id, year, total) VALUES (146, 146, 2010, 154846);
INSERT into Population (id, city_id, year, total) VALUES (147, 147, 2010, 166126);
INSERT into Population (id, city_id, year, total) VALUES (148, 148, 2010, 201437);
INSERT into Population (id, city_id, year, total) VALUES (149, 149, 2010, 180888);
INSERT into Population (id, city_id, year, total) VALUES (150, 150, 2010, 178029);
INSERT into Population (id, city_id, year, total) VALUES (151, 151, 2010, 153375);
INSERT into Population (id, city_id, year, total) VALUES (152, 152, 2010, 166226);
INSERT into Population (id, city_id, year, total) VALUES (153, 153, 2010, 155247);
INSERT into Population (id, city_id, year, total) VALUES (154, 154, 2010, 155265);
INSERT into Population (id, city_id, year, total) VALUES (155, 155, 2010, 175238);
INSERT into Population (id, city_id, year, total) VALUES (156, 156, 2010, 156527);
INSERT into Population (id, city_id, year, total) VALUES (157, 157, 2010, 168079);
INSERT into Population (id, city_id, year, total) VALUES (158, 158, 2010, 137086);
INSERT into Population (id, city_id, year, total) VALUES (159, 159, 2010, 145268);
INSERT into Population (id, city_id, year, total) VALUES (160, 160, 2010, 153052);
INSERT into Population (id, city_id, year, total) VALUES (161, 161, 2010, 108481);
INSERT into Population (id, city_id, year, total) VALUES (162, 162, 2010, 171181);
INSERT into Population (id, city_id, year, total) VALUES (163, 163, 2010, 159376);
INSERT into Population (id, city_id, year, total) VALUES (164, 164, 2010, 133486);
INSERT into Population (id, city_id, year, total) VALUES (165, 165, 2010, 185996);
INSERT into Population (id, city_id, year, total) VALUES (166, 166, 2010, 142759);
INSERT into Population (id, city_id, year, total) VALUES (167, 167, 2010, 140729);
INSERT into Population (id, city_id, year, total) VALUES (168, 168, 2010, 144835);
INSERT into Population (id, city_id, year, total) VALUES (169, 169, 2010, 109572);
INSERT into Population (id, city_id, year, total) VALUES (170, 170, 2010, 129024);
INSERT into Population (id, city_id, year, total) VALUES (171, 171, 2010, 141013);
INSERT into Population (id, city_id, year, total) VALUES (172, 172, 2010, 156824);
INSERT into Population (id, city_id, year, total) VALUES (173, 173, 2010, 150887);
INSERT into Population (id, city_id, year, total) VALUES (174, 174, 2010, 173698);
INSERT into Population (id, city_id, year, total) VALUES (175, 175, 2010, 111276);
INSERT into Population (id, city_id, year, total) VALUES (176, 176, 2010, 155814);
INSERT into Population (id, city_id, year, total) VALUES (177, 177, 2010, 145878);
INSERT into Population (id, city_id, year, total) VALUES (178, 178, 2010, 152936);
INSERT into Population (id, city_id, year, total) VALUES (179, 179, 2010, 140462);
INSERT into Population (id, city_id, year, total) VALUES (180, 180, 2010, 153569);
INSERT into Population (id, city_id, year, total) VALUES (181, 181, 2010, 144440);
INSERT into Population (id, city_id, year, total) VALUES (182, 182, 2010, 149107);
INSERT into Population (id, city_id, year, total) VALUES (183, 183, 2010, 128357);
INSERT into Population (id, city_id, year, total) VALUES (184, 184, 2010, 117643);
INSERT into Population (id, city_id, year, total) VALUES (185, 185, 2010, 142402);
INSERT into Population (id, city_id, year, total) VALUES (186, 186, 2010, 149523);
INSERT into Population (id, city_id, year, total) VALUES (187, 187, 2010, 117010);
INSERT into Population (id, city_id, year, total) VALUES (188, 188, 2010, 119916);
INSERT into Population (id, city_id, year, total) VALUES (189, 189, 2010, 147524);
INSERT into Population (id, city_id, year, total) VALUES (190, 190, 2010, 119391);
INSERT into Population (id, city_id, year, total) VALUES (191, 191, 2010, 132093);
INSERT into Population (id, city_id, year, total) VALUES (192, 192, 2010, 146391);
INSERT into Population (id, city_id, year, total) VALUES (193, 193, 2010, 153147);
INSERT into Population (id, city_id, year, total) VALUES (194, 194, 2010, 119564);
INSERT into Population (id, city_id, year, total) VALUES (195, 195, 2010, 144864);
INSERT into Population (id, city_id, year, total) VALUES (196, 196, 2010, 122300);
INSERT into Population (id, city_id, year, total) VALUES (197, 197, 2010, 100772);
INSERT into Population (id, city_id, year, total) VALUES (198, 198, 2010, 138481);
INSERT into Population (id, city_id, year, total) VALUES (199, 199, 2010, 126269);
INSERT into Population (id, city_id, year, total) VALUES (200, 200, 2010, 125377);

-- Population in 2021
INSERT into Population (id, city_id, year, total) VALUES (201, 1, 2021, 8230290);
INSERT into Population (id, city_id, year, total) VALUES (202, 2, 2021, 3983540);
INSERT into Population (id, city_id, year, total) VALUES (203, 3, 2021, 2679080);
INSERT into Population (id, city_id, year, total) VALUES (204, 4, 2021, 2323660);
INSERT into Population (id, city_id, year, total) VALUES (205, 5, 2021, 1733630);
INSERT into Population (id, city_id, year, total) VALUES (206, 6, 2021, 1585010);
INSERT into Population (id, city_id, year, total) VALUES (207, 7, 2021, 1581730);
INSERT into Population (id, city_id, year, total) VALUES (208, 8, 2021, 1427720);
INSERT into Population (id, city_id, year, total) VALUES (209, 9, 2021, 1347120);
INSERT into Population (id, city_id, year, total) VALUES (210, 10, 2021, 1011790);
INSERT into Population (id, city_id, year, total) VALUES (211, 11, 2021, 1009340);
INSERT into Population (id, city_id, year, total) VALUES (212, 12, 2021, 942323);
INSERT into Population (id, city_id, year, total) VALUES (213, 13, 2021, 929647);
INSERT into Population (id, city_id, year, total) VALUES (214, 14, 2021, 913921);
INSERT into Population (id, city_id, year, total) VALUES (215, 15, 2021, 912096);
INSERT into Population (id, city_id, year, total) VALUES (216, 16, 2021, 887232);
INSERT into Population (id, city_id, year, total) VALUES (217, 17, 2021, 883255);
INSERT into Population (id, city_id, year, total) VALUES (218, 18, 2021, 776555);
INSERT into Population (id, city_id, year, total) VALUES (219, 19, 2021, 749103);
INSERT into Population (id, city_id, year, total) VALUES (220, 20, 2021, 714153);
INSERT into Population (id, city_id, year, total) VALUES (221, 21, 2021, 695506);
INSERT into Population (id, city_id, year, total) VALUES (222, 22, 2021, 685434);
INSERT into Population (id, city_id, year, total) VALUES (223, 23, 2021, 678448);
INSERT into Population (id, city_id, year, total) VALUES (224, 24, 2021, 669347);
INSERT into Population (id, city_id, year, total) VALUES (225, 25, 2021, 667501);
INSERT into Population (id, city_id, year, total) VALUES (226, 26, 2021, 664139);
INSERT into Population (id, city_id, year, total) VALUES (227, 27, 2021, 662549);
INSERT into Population (id, city_id, year, total) VALUES (228, 28, 2021, 651011);
INSERT into Population (id, city_id, year, total) VALUES (229, 29, 2021, 615924);
INSERT into Population (id, city_id, year, total) VALUES (230, 30, 2021, 587721);
INSERT into Population (id, city_id, year, total) VALUES (231, 31, 2021, 575584);
INSERT into Population (id, city_id, year, total) VALUES (232, 32, 2021, 562281);
INSERT into Population (id, city_id, year, total) VALUES (233, 33, 2021, 554503);
INSERT into Population (id, city_id, year, total) VALUES (234, 34, 2021, 538146);
INSERT into Population (id, city_id, year, total) VALUES (235, 35, 2021, 537100);
INSERT into Population (id, city_id, year, total) VALUES (236, 36, 2021, 525398);
INSERT into Population (id, city_id, year, total) VALUES (237, 37, 2021, 524067);
INSERT into Population (id, city_id, year, total) VALUES (238, 38, 2021, 501957);
INSERT into Population (id, city_id, year, total) VALUES (239, 39, 2021, 489529);
INSERT into Population (id, city_id, year, total) VALUES (240, 40, 2021, 483579);
INSERT into Population (id, city_id, year, total) VALUES (241, 41, 2021, 479978);
INSERT into Population (id, city_id, year, total) VALUES (242, 42, 2021, 478251);
INSERT into Population (id, city_id, year, total) VALUES (243, 43, 2021, 456154);
INSERT into Population (id, city_id, year, total) VALUES (244, 44, 2021, 450224);
INSERT into Population (id, city_id, year, total) VALUES (245, 45, 2021, 440981);
INSERT into Population (id, city_id, year, total) VALUES (246, 46, 2021, 439012);
INSERT into Population (id, city_id, year, total) VALUES (247, 47, 2021, 404636);
INSERT into Population (id, city_id, year, total) VALUES (248, 48, 2021, 402742);
INSERT into Population (id, city_id, year, total) VALUES (249, 49, 2021, 400316);
INSERT into Population (id, city_id, year, total) VALUES (250, 50, 2021, 391352);
INSERT into Population (id, city_id, year, total) VALUES (251, 51, 2021, 389007);
INSERT into Population (id, city_id, year, total) VALUES (252, 52, 2021, 388723);
INSERT into Population (id, city_id, year, total) VALUES (253, 53, 2021, 388424);
INSERT into Population (id, city_id, year, total) VALUES (254, 54, 2021, 376599);
INSERT into Population (id, city_id, year, total) VALUES (255, 55, 2021, 349699);
INSERT into Population (id, city_id, year, total) VALUES (256, 56, 2021, 341531);
INSERT into Population (id, city_id, year, total) VALUES (257, 57, 2021, 341302);
INSERT into Population (id, city_id, year, total) VALUES (258, 58, 2021, 334772);
INSERT into Population (id, city_id, year, total) VALUES (259, 59, 2021, 333130);
INSERT into Population (id, city_id, year, total) VALUES (260, 60, 2021, 327144);
INSERT into Population (id, city_id, year, total) VALUES (261, 61, 2021, 324604);
INSERT into Population (id, city_id, year, total) VALUES (262, 62, 2021, 323279);
INSERT into Population (id, city_id, year, total) VALUES (263, 63, 2021, 314835);
INSERT into Population (id, city_id, year, total) VALUES (264, 64, 2021, 310368);
INSERT into Population (id, city_id, year, total) VALUES (265, 65, 2021, 307266);
INSERT into Population (id, city_id, year, total) VALUES (266, 66, 2021, 301094);
INSERT into Population (id, city_id, year, total) VALUES (267, 67, 2021, 299718);
INSERT into Population (id, city_id, year, total) VALUES (268, 68, 2021, 298739);
INSERT into Population (id, city_id, year, total) VALUES (269, 69, 2021, 294890);
INSERT into Population (id, city_id, year, total) VALUES (270, 70, 2021, 293446);
INSERT into Population (id, city_id, year, total) VALUES (271, 71, 2021, 290520);
INSERT into Population (id, city_id, year, total) VALUES (272, 72, 2021, 287865);
INSERT into Population (id, city_id, year, total) VALUES (273, 73, 2021, 285537);
INSERT into Population (id, city_id, year, total) VALUES (274, 74, 2021, 282958);
INSERT into Population (id, city_id, year, total) VALUES (275, 75, 2021, 282529);
INSERT into Population (id, city_id, year, total) VALUES (276, 76, 2021, 281838);
INSERT into Population (id, city_id, year, total) VALUES (277, 77, 2021, 276286);
INSERT into Population (id, city_id, year, total) VALUES (278, 78, 2021, 269123);
INSERT into Population (id, city_id, year, total) VALUES (279, 79, 2021, 268609);
INSERT into Population (id, city_id, year, total) VALUES (280, 80, 2021, 267121);
INSERT into Population (id, city_id, year, total) VALUES (281, 81, 2021, 266511);
INSERT into Population (id, city_id, year, total) VALUES (282, 82, 2021, 265761);
INSERT into Population (id, city_id, year, total) VALUES (283, 83, 2021, 265249);
INSERT into Population (id, city_id, year, total) VALUES (284, 84, 2021, 265224);
INSERT into Population (id, city_id, year, total) VALUES (285, 85, 2021, 263648);
INSERT into Population (id, city_id, year, total) VALUES (286, 86, 2021, 263332);
INSERT into Population (id, city_id, year, total) VALUES (287, 87, 2021, 262514);
INSERT into Population (id, city_id, year, total) VALUES (288, 88, 2021, 258523);
INSERT into Population (id, city_id, year, total) VALUES (289, 89, 2021, 257233);
INSERT into Population (id, city_id, year, total) VALUES (290, 90, 2021, 254290);
INSERT into Population (id, city_id, year, total) VALUES (291, 91, 2021, 250765);
INSERT into Population (id, city_id, year, total) VALUES (292, 92, 2021, 249787);
INSERT into Population (id, city_id, year, total) VALUES (293, 93, 2021, 247708);
INSERT into Population (id, city_id, year, total) VALUES (294, 94, 2021, 241056);
INSERT into Population (id, city_id, year, total) VALUES (295, 95, 2021, 236546);
INSERT into Population (id, city_id, year, total) VALUES (296, 96, 2021, 236366);
INSERT into Population (id, city_id, year, total) VALUES (297, 97, 2021, 235087);
INSERT into Population (id, city_id, year, total) VALUES (298, 98, 2021, 233464);
INSERT into Population (id, city_id, year, total) VALUES (299, 99, 2021, 232866);
INSERT into Population (id, city_id, year, total) VALUES (300, 100, 2021, 230135);
INSERT into Population (id, city_id, year, total) VALUES (301, 101, 2021, 229993);
INSERT into Population (id, city_id, year, total) VALUES (302, 102, 2021, 227579);
INSERT into Population (id, city_id, year, total) VALUES (303, 103, 2021, 224566);
INSERT into Population (id, city_id, year, total) VALUES (304, 104, 2021, 221387);
INSERT into Population (id, city_id, year, total) VALUES (305, 105, 2021, 221259);
INSERT into Population (id, city_id, year, total) VALUES (306, 106, 2021, 217237);
INSERT into Population (id, city_id, year, total) VALUES (307, 107, 2021, 216810);
INSERT into Population (id, city_id, year, total) VALUES (308, 108, 2021, 216328);
INSERT into Population (id, city_id, year, total) VALUES (309, 109, 2021, 215922);
INSERT into Population (id, city_id, year, total) VALUES (310, 110, 2021, 214706);
INSERT into Population (id, city_id, year, total) VALUES (311, 111, 2021, 214035);
INSERT into Population (id, city_id, year, total) VALUES (312, 112, 2021, 213475);
INSERT into Population (id, city_id, year, total) VALUES (313, 113, 2021, 211839);
INSERT into Population (id, city_id, year, total) VALUES (314, 114, 2021, 210723);
INSERT into Population (id, city_id, year, total) VALUES (315, 115, 2021, 208101);
INSERT into Population (id, city_id, year, total) VALUES (316, 116, 2021, 207235);
INSERT into Population (id, city_id, year, total) VALUES (317, 117, 2021, 207127);
INSERT into Population (id, city_id, year, total) VALUES (318, 118, 2021, 205472);
INSERT into Population (id, city_id, year, total) VALUES (319, 119, 2021, 205077);
INSERT into Population (id, city_id, year, total) VALUES (320, 120, 2021, 204549);
INSERT into Population (id, city_id, year, total) VALUES (321, 121, 2021, 203923);
INSERT into Population (id, city_id, year, total) VALUES (322, 122, 2021, 202767);
INSERT into Population (id, city_id, year, total) VALUES (323, 123, 2021, 201344);
INSERT into Population (id, city_id, year, total) VALUES (324, 124, 2021, 201034);
INSERT into Population (id, city_id, year, total) VALUES (325, 125, 2021, 200831);
INSERT into Population (id, city_id, year, total) VALUES (326, 126, 2021, 199747);
INSERT into Population (id, city_id, year, total) VALUES (327, 127, 2021, 199614);
INSERT into Population (id, city_id, year, total) VALUES (328, 128, 2021, 198969);
INSERT into Population (id, city_id, year, total) VALUES (329, 129, 2021, 197974);
INSERT into Population (id, city_id, year, total) VALUES (330, 130, 2021, 197777);
INSERT into Population (id, city_id, year, total) VALUES (331, 131, 2021, 197417);
INSERT into Population (id, city_id, year, total) VALUES (332, 132, 2021, 197023);
INSERT into Population (id, city_id, year, total) VALUES (333, 133, 2021, 196968);
INSERT into Population (id, city_id, year, total) VALUES (334, 134, 2021, 196533);
INSERT into Population (id, city_id, year, total) VALUES (335, 135, 2021, 195651);
INSERT into Population (id, city_id, year, total) VALUES (336, 136, 2021, 194873);
INSERT into Population (id, city_id, year, total) VALUES (337, 137, 2021, 193781);
INSERT into Population (id, city_id, year, total) VALUES (338, 138, 2021, 193594);
INSERT into Population (id, city_id, year, total) VALUES (339, 139, 2021, 190583);
INSERT into Population (id, city_id, year, total) VALUES (340, 140, 2021, 188085);
INSERT into Population (id, city_id, year, total) VALUES (341, 141, 2021, 187615);
INSERT into Population (id, city_id, year, total) VALUES (342, 142, 2021, 186542);
INSERT into Population (id, city_id, year, total) VALUES (343, 143, 2021, 185174);
INSERT into Population (id, city_id, year, total) VALUES (344, 144, 2021, 184561);
INSERT into Population (id, city_id, year, total) VALUES (345, 145, 2021, 183677);
INSERT into Population (id, city_id, year, total) VALUES (346, 146, 2021, 183357);
INSERT into Population (id, city_id, year, total) VALUES (347, 147, 2021, 183109);
INSERT into Population (id, city_id, year, total) VALUES (348, 148, 2021, 182616);
INSERT into Population (id, city_id, year, total) VALUES (349, 149, 2021, 180629);
INSERT into Population (id, city_id, year, total) VALUES (350, 150, 2021, 180609);
INSERT into Population (id, city_id, year, total) VALUES (351, 151, 2021, 179119);
INSERT into Population (id, city_id, year, total) VALUES (352, 152, 2021, 178119);
INSERT into Population (id, city_id, year, total) VALUES (353, 153, 2021, 177803);
INSERT into Population (id, city_id, year, total) VALUES (354, 154, 2021, 176823);
INSERT into Population (id, city_id, year, total) VALUES (355, 155, 2021, 176759);
INSERT into Population (id, city_id, year, total) VALUES (356, 156, 2021, 176464);
INSERT into Population (id, city_id, year, total) VALUES (357, 157, 2021, 175710);
INSERT into Population (id, city_id, year, total) VALUES (358, 158, 2021, 174762);
INSERT into Population (id, city_id, year, total) VALUES (359, 159, 2021, 174081);
INSERT into Population (id, city_id, year, total) VALUES (360, 160, 2021, 172652);
INSERT into Population (id, city_id, year, total) VALUES (361, 161, 2021, 171108);
INSERT into Population (id, city_id, year, total) VALUES (362, 162, 2021, 170542);
INSERT into Population (id, city_id, year, total) VALUES (363, 163, 2021, 168568);
INSERT into Population (id, city_id, year, total) VALUES (364, 164, 2021, 161686);
INSERT into Population (id, city_id, year, total) VALUES (365, 165, 2021, 161034);
INSERT into Population (id, city_id, year, total) VALUES (366, 166, 2021, 160441);
INSERT into Population (id, city_id, year, total) VALUES (367, 167, 2021, 160146);
INSERT into Population (id, city_id, year, total) VALUES (368, 168, 2021, 158089);
INSERT into Population (id, city_id, year, total) VALUES (369, 169, 2021, 157816);
INSERT into Population (id, city_id, year, total) VALUES (370, 170, 2021, 157632);
INSERT into Population (id, city_id, year, total) VALUES (371, 171, 2021, 155689);
INSERT into Population (id, city_id, year, total) VALUES (372, 172, 2021, 155559);
INSERT into Population (id, city_id, year, total) VALUES (373, 173, 2021, 155101);
INSERT into Population (id, city_id, year, total) VALUES (374, 174, 2021, 154340);
INSERT into Population (id, city_id, year, total) VALUES (375, 175, 2021, 153768);
INSERT into Population (id, city_id, year, total) VALUES (376, 176, 2021, 153671);
INSERT into Population (id, city_id, year, total) VALUES (377, 177, 2021, 152950);
INSERT into Population (id, city_id, year, total) VALUES (378, 178, 2021, 152921);
INSERT into Population (id, city_id, year, total) VALUES (379, 179, 2021, 152495);
INSERT into Population (id, city_id, year, total) VALUES (380, 180, 2021, 152160);
INSERT into Population (id, city_id, year, total) VALUES (381, 181, 2021, 151289);
INSERT into Population (id, city_id, year, total) VALUES (382, 182, 2021, 151223);
INSERT into Population (id, city_id, year, total) VALUES (383, 183, 2021, 150364);
INSERT into Population (id, city_id, year, total) VALUES (384, 184, 2021, 149558);
INSERT into Population (id, city_id, year, total) VALUES (385, 185, 2021, 149167);
INSERT into Population (id, city_id, year, total) VALUES (386, 186, 2021, 148215);
INSERT into Population (id, city_id, year, total) VALUES (387, 187, 2021, 147993);
INSERT into Population (id, city_id, year, total) VALUES (388, 188, 2021, 146594);
INSERT into Population (id, city_id, year, total) VALUES (389, 189, 2021, 146572);
INSERT into Population (id, city_id, year, total) VALUES (390, 190, 2021, 145688);
INSERT into Population (id, city_id, year, total) VALUES (391, 191, 2021, 144744);
INSERT into Population (id, city_id, year, total) VALUES (392, 192, 2021, 144511);
INSERT into Population (id, city_id, year, total) VALUES (393, 193, 2021, 144213);
INSERT into Population (id, city_id, year, total) VALUES (394, 194, 2021, 143718);
INSERT into Population (id, city_id, year, total) VALUES (395, 195, 2021, 143653);
INSERT into Population (id, city_id, year, total) VALUES (396, 196, 2021, 142445);
INSERT into Population (id, city_id, year, total) VALUES (397, 197, 2021, 142418);
INSERT into Population (id, city_id, year, total) VALUES (398, 198, 2021, 142135);
INSERT into Population (id, city_id, year, total) VALUES (399, 199, 2021, 142119);
INSERT into Population (id, city_id, year, total) VALUES (400, 200, 2021, 141936);
